거래ID,날짜,카테고리,가맹점,결제수단,금액,메모
TX100740,2025-10-02,식비,한솥도시락,체크카드,,
TX100569,2025-08-03,식비,한솥도시락,체크카드,1000.0,
TX100847,2025-11-14,카페/간식,컴포즈커피,체크카드,4500.0,
TX100025,2025-01-07,교통,카카오T,신용카드,1900.0,
TX100362,2025-05-16,교통,SRT,신용카드,2800.0,
TX100172,2025-03-07,쇼핑,올리브영,신용카드,36700.0,
TX100367,2025-05-18,쇼핑,네이버페이,간편결제,32300.0,
TX100576,2025-08-04,구독서비스,멜론,신용카드,10800.0,
TX100357,2025-05-14,교통,주차장,신용카드,3500.0,
TX100169,2025-03-06,교통,주유소(SK),신용카드,5900.0,
TX100621,2025-08-22,식비,편의점(GS25),신용카드,13500.0,
TX100255,2025-04-07,교통,주유소(SK),신용카드,2700.0,
TX100714,2025-09-25,카페/간식,메가커피,신용카드,3800.0,
TX100930,2025-12-14,식비,본죽,신용카드,10400.0,
TX100927,2025-12-13,식비,동네식당,체크카드,12200.0,
TX100703,2025-09-21,교통,카카오T,체크카드,4000.0,
TX100242,2025-04-02,식비,한솥도시락,신용카드,18600.0,
TX100519,2025-07-16,카페/간식,메가커피,신용카드,6200.0,
TX100018,2025-01-05,구독서비스,멜론,체크카드,16200.0,
TX100741,2025-10-03,식비,쿠팡이츠,신용카드,7200.0,
TX100111,2025-02-10,카페/간식,이디야커피,신용카드,1000.0,
TX100504,2025-07-09,문화/여가,여행사,신용카드,12800.0,
TX100865,2025-11-19,문화/여가,롯데시네마,신용카드,27400.0,
TX100026,2025-01-08,식비,한솥도시락,신용카드,8000.0,
TX100300,2025-04-24,쇼핑,네이버페이,신용카드,,
TX100951,2025-12-23,교통,주유소(SK),간편결제,1000.0,
TX100148,2025-02-23,카페/간식,스타벅스,체크카드,13400.0,
TX100223,2025-03-25,쇼핑,네이버페이,신용카드,38400.0,
TX100385,2025-05-25,식비,맘스터치,체크카드,9800.0,
TX100319,2025-05-02,의료/건강,헬스장,간편결제,12000.0,
TX100165,2025-03-02,쇼핑,다이소,신용카드,25700.0,
TX100054,2025-01-17,쇼핑,지마켓,신용카드,20200.0,
TX100579,2025-08-05,쇼핑,네이버페이,간편결제,27900.0,
TX100949,2025-12-22,문화/여가,호텔예약,신용카드,40600.0,
TX100412,2025-06-07,식비,배달의민족,체크카드,21900.0,
TX100154,2025-02-27,통신,KT,간편결제,71900.0,
TX100297,2025-04-23,교통,카카오T,신용카드,1200.0,
TX100759,2025-10-09,교통,카카오T,신용카드,7100.0,
TX100035,2025-01-12,식비,한솥도시락,간편결제,8700.0,
TX100126,2025-02-15,식비,편의점(CU),체크카드,15900.0,
TX100095,2025-02-03,쇼핑,지마켓,간편결제,74800.0,
TX100947,2025-12-22,카페/간식,파리바게뜨,신용카드,2900.0,
TX100404,2025-06-01,교통,카카오T,간편결제,2500.0,
TX100099,2025-02-05,식비,편의점(GS25),체크카드,8700.0,
TX100914,2025-12-07,문화/여가,넷플릭스 결제,간편결제,51200.0,
TX100821,2025-11-03,카페/간식,이디야커피,신용카드,7700.0,
TX100884,2025-11-28,식비,쿠팡이츠,신용카드,9300.0,
TX100886,2025-11-28,구독서비스,왓챠,체크카드,14100.0,
TX100240,2025-04-01,교통,주차장,신용카드,5400.0,
TX100780,2025-10-18,통신,KT,체크카드,57900.0,
TX100141,2025-02-20,구독서비스,쿠팡와우,신용카드,11700.0,
TX100171,2025-03-07,카페/간식,투썸플레이스,체크카드,10100.0,
TX100061,2025-01-20,식비,편의점(CU),간편결제,7700.0,
TX100758,2025-10-09,카페/간식,컴포즈커피,체크카드,5500.0,
TX100913,2025-12-07,쇼핑,이마트,신용카드,52500.0,
TX100524,2025-07-18,식비,배달의민족,신용카드,11700.0,
TX100492,2025-07-04,교통,서울교통공사,체크카드,5800.0,
TX100389,2025-05-27,식비,동네식당,체크카드,8900.0,
TX100624,2025-08-24,식비,본죽,신용카드,20500.0,
TX100571,2025-08-03,쇼핑,무신사,체크카드,11300.0,
TX100160,2025-03-01,식비,동네식당,신용카드,15400.0,
TX100149,2025-02-23,문화/여가,넷플릭스 결제,간편결제,20400.0,
TX100206,2025-03-19,식비,한솥도시락,신용카드,21300.0,
TX100701,2025-09-21,식비,쿠팡이츠,체크카드,5500.0,
TX100694,2025-09-18,카페/간식,메가커피,신용카드,8500.0,
TX100961,2025-12-27,교통,SRT,체크카드,2200.0,
TX100918,2025-12-09,카페/간식,투썸플레이스,신용카드,14100.0,
TX100356,2025-05-14,식비,교촌치킨,신용카드,9200.0,
TX100578,2025-08-05,교통,서울교통공사,신용카드,2500.0,
TX100657,2025-09-03,경조사/기타,기부,체크카드,106100.0,
TX100109,2025-02-09,식비,요기요,간편결제,16900.0,
TX100677,2025-09-10,교통,서울교통공사,신용카드,4300.0,
TX100617,2025-08-20,식비,맘스터치,신용카드,13600.0,
TX100256,2025-04-07,쇼핑,다이소,체크카드,4000.0,
TX100612,2025-08-18,카페/간식,메가커피,신용카드,10300.0,
TX100028,2025-01-09,교통,SRT,간편결제,2700.0,
TX100585,2025-08-08,식비,요기요,신용카드,7000.0,
TX100047,2025-01-15,교통,주차장,신용카드,1000.0,
TX100299,2025-04-24,교통,카카오T,신용카드,,
TX100946,2025-12-22,식비,편의점(CU),체크카드,10800.0,
TX100722,2025-09-27,교통,서울교통공사,신용카드,5100.0,
TX100271,2025-04-12,쇼핑,무신사,체크카드,16000.0,
TX100786,2025-10-21,교통,카카오T,신용카드,2400.0,
TX100376,2025-05-21,통신,SKT,간편결제,67600.0,
TX100627,2025-08-25,식비,요기요,신용카드,19000.0,
TX100889,2025-11-30,식비,편의점(CU),신용카드,11200.0,
TX100708,2025-09-23,경조사/기타,벌금/과태료,간편결제,1000.0,
TX100335,2025-05-07,식비,배달의민족,간편결제,14700.0,
TX100669,2025-09-08,식비,김밥천국,신용카드,14400.0,
TX100431,2025-06-13,교통,주차장,신용카드,4600.0,
TX100064,2025-01-21,경조사/기타,축의금,간편결제,94300.0,
TX100442,2025-06-17,교통,SRT,신용카드,3800.0,
TX100963,2025-12-28,카페/간식,컴포즈커피,신용카드,6300.0,
TX100867,2025-11-20,교통,주유소(SK),체크카드,4100.0,
TX100485,2025-07-02,카페/간식,베스킨라빈스,신용카드,7500.0,
TX100100,2025-02-05,카페/간식,컴포즈커피,간편결제,2400.0,
TX100912,2025-12-07,카페/간식,메가커피,신용카드,7200.0,
TX100682,2025-09-12,식비,교촌치킨,신용카드,5800.0,
TX100895,2025-12-01,쇼핑,네이버페이,체크카드,89100.0,
TX100645,2025-08-31,카페/간식,투썸플레이스,신용카드,7600.0,
TX100391,2025-05-28,카페/간식,메가커피,체크카드,6300.0,
TX100816,2025-11-01,카페/간식,스타벅스,신용카드,6800.0,
TX100306,2025-04-26,문화/여가,CGV,신용카드,14700.0,
TX100696,2025-09-19,교통,서울교통공사,신용카드,3800.0,
TX100278,2025-04-16,식비,동네식당,체크카드,8400.0,
TX100936,2025-12-17,카페/간식,베스킨라빈스,신용카드,10700.0,
TX100010,2025-01-03,교통,주차장,신용카드,3800.0,
TX100527,2025-07-18,의료/건강,약국,간편결제,20100.0,
TX100229,2025-03-29,식비,한솥도시락,신용카드,28800.0,
TX100060,2025-01-19,교통,서울교통공사,신용카드,5100.0,
TX100762,2025-10-10,카페/간식,이디야커피,신용카드,10500.0,
TX100620,2025-08-21,식비,쿠팡이츠,신용카드,148000.0,
TX100792,2025-10-23,구독서비스,왓챠,신용카드,12500.0,
TX100854,2025-11-16,식비,교촌치킨,간편결제,8500.0,
TX100205,2025-03-18,구독서비스,왓챠,체크카드,15400.0,
TX100260,2025-04-08,교통,주유소(SK),신용카드,2800.0,
TX100783,2025-10-20,식비,배달의민족,신용카드,9400.0,
TX100849,2025-11-14,구독서비스,넷플릭스,간편결제,5300.0,
TX100437,2025-06-15,교통,주차장,간편결제,,
TX100062,2025-01-21,식비,요기요,간편결제,22000.0,
TX100807,2025-10-29,카페/간식,메가커피,신용카드,1000.0,
TX100754,2025-10-08,카페/간식,투썸플레이스,신용카드,11000.0,
TX100572,2025-08-03,문화/여가,넷플릭스 결제,신용카드,21900.0,
TX100473,2025-06-27,교통,카카오T,신용카드,3600.0,
TX100750,2025-10-07,식비,맘스터치,신용카드,17100.0,
TX100772,2025-10-14,교통,주차장,신용카드,1500.0,
TX100819,2025-11-02,카페/간식,스타벅스,체크카드,1000.0,
TX100583,2025-08-07,카페/간식,컴포즈커피,체크카드,4400.0,
TX100452,2025-06-20,교통,SRT,신용카드,2000.0,
TX100781,2025-10-19,식비,,신용카드,20400.0,
TX100516,2025-07-15,식비,쿠팡이츠,간편결제,13400.0,
TX100110,2025-02-10,식비,요기요,신용카드,23500.0,
TX100545,2025-07-24,교통,SRT,간편결제,3800.0,
TX100959,2025-12-27,식비,김밥천국,간편결제,6300.0,
TX100668,2025-09-07,쇼핑,,간편결제,2200.0,
TX100743,2025-10-04,식비,요기요,체크카드,25100.0,
TX100590,2025-08-09,경조사/기타,경조사비,신용카드,112700.0,
TX100925,2025-12-12,카페/간식,메가커피,신용카드,9100.0,
TX100514,2025-07-14,식비,요기요,체크카드,6400.0,
TX100581,2025-08-06,교통,SRT,체크카드,4200.0,
TX100709,2025-09-24,식비,요기요,신용카드,7600.0,
TX100352,2025-05-13,식비,교촌치킨,신용카드,14800.0,
TX100129,2025-02-16,카페/간식,파리바게뜨,체크카드,,
TX100566,2025-08-02,카페/간식,스타벅스,간편결제,7100.0,
TX100552,2025-07-27,식비,요기요,신용카드,11600.0,
TX100454,2025-06-21,카페/간식,투썸플레이스,신용카드,9500.0,
TX100372,2025-05-20,카페/간식,이디야커피,체크카드,4100.0,
TX100285,2025-04-18,교통,SRT,신용카드,3500.0,
TX100448,2025-06-19,카페/간식,이디야커피,신용카드,6000.0,
TX100544,2025-07-24,식비,김밥천국,체크카드,24300.0,
TX100530,2025-07-19,교통,주유소(SK),신용카드,,
TX100586,2025-08-08,쇼핑,네이버페이,신용카드,35100.0,
TX100676,2025-09-10,카페/간식,베스킨라빈스,체크카드,5300.0,
TX100245,2025-04-03,식비,김밥천국,신용카드,2000.0,
TX100133,2025-02-18,카페/간식,컴포즈커피,간편결제,8600.0,
TX100711,2025-09-24,교통,SRT,간편결제,1000.0,
TX100604,2025-08-15,구독서비스,멜론,간편결제,1000.0,
TX100622,2025-08-22,카페/간식,메가커피,체크카드,9400.0,
TX100695,2025-09-18,쇼핑,올리브영,신용카드,47500.0,
TX100049,2025-01-16,카페/간식,투썸플레이스,체크카드,4500.0,
TX100072,2025-01-25,식비,요기요,신용카드,22900.0,
TX100284,2025-04-18,식비,요기요,체크카드,21600.0,
TX100421,2025-06-11,식비,본죽,체크카드,6500.0,
TX100942,2025-12-20,카페/간식,파리바게뜨,신용카드,7700.0,
TX100557,2025-07-30,식비,편의점(GS25),신용카드,20900.0,
TX100800,2025-10-26,카페/간식,스타벅스,신용카드,10600.0,
TX100481,2025-06-30,문화/여가,여행사,신용카드,11100.0,
TX100600,2025-08-14,교통,주차장,체크카드,2400.0,
TX100467,2025-06-25,교통,SRT,체크카드,2700.0,
TX100325,2025-05-04,카페/간식,스타벅스,신용카드,12600.0,
TX100233,2025-03-30,교통,주유소(SK),신용카드,3800.0,
TX100366,2025-05-18,교통,SRT,신용카드,5800.0,
TX100098,2025-02-04,카페/간식,베스킨라빈스,체크카드,4500.0,
TX100327,2025-05-04,문화/여가,호텔예약,체크카드,1000.0,
TX100870,2025-11-22,식비,교촌치킨,신용카드,12000.0,
TX100464,2025-06-24,경조사/기타,기부,신용카드,51600.0,
TX100128,2025-02-16,식비,김밥천국,신용카드,17100.0,
TX100692,2025-09-17,교통,주유소(SK),신용카드,3600.0,
TX100484,2025-07-02,식비,한솥도시락,체크카드,7300.0,
TX100535,2025-07-21,카페/간식,베스킨라빈스,신용카드,8100.0,
TX100601,2025-08-14,경조사/기타,기부,체크카드,1000.0,
TX100720,2025-09-26,쇼핑,다이소,신용카드,38000.0,
TX100081,2025-01-27,의료/건강,약국,신용카드,17100.0,
TX100159,2025-02-28,의료/건강,약국,신용카드,17600.0,
TX100643,2025-08-30,의료/건강,한의원,신용카드,10900.0,
TX100872,2025-11-22,경조사/기타,기부,신용카드,26400.0,
TX100559,2025-07-30,쇼핑,무신사,신용카드,47300.0,
TX100713,2025-09-25,식비,본죽,신용카드,15900.0,
TX100848,2025-11-14,교통,카카오T,신용카드,2500.0,
TX100542,2025-07-23,카페/간식,스타벅스,신용카드,7600.0,
TX100773,2025-10-15,식비,동네식당,신용카드,13600.0,
TX100610,2025-08-17,교통,서울교통공사,간편결제,3100.0,
TX100674,2025-09-09,교통,주유소(SK),신용카드,2700.0,
TX100295,2025-04-22,교통,주유소(SK),체크카드,2700.0,
TX100180,2025-03-10,의료/건강,헬스장,간편결제,1000.0,
TX100718,2025-09-26,카페/간식,컴포즈커피,체크카드,3500.0,
TX100373,2025-05-20,쇼핑,무신사,간편결제,113500.0,
TX100931,2025-12-14,카페/간식,컴포즈커피,체크카드,4500.0,
TX100123,2025-02-14,카페/간식,컴포즈커피,신용카드,7900.0,
TX100499,2025-07-07,카페/간식,이디야커피,체크카드,1900.0,
TX100732,2025-09-30,식비,맘스터치,간편결제,137000.0,
TX100920,2025-12-10,식비,편의점(GS25),신용카드,16500.0,
TX100818,2025-11-02,식비,쿠팡이츠,신용카드,8500.0,
TX100424,2025-06-11,문화/여가,공연티켓,체크카드,35600.0,
TX100272,2025-04-13,식비,동네식당,신용카드,15200.0,
TX100809,2025-10-30,식비,한솥도시락,간편결제,11300.0,
TX100337,2025-05-07,교통,서울교통공사,간편결제,2800.0,
TX100368,2025-05-18,문화/여가,넷플릭스 결제,신용카드,54500.0,
TX100628,2025-08-25,카페/간식,이디야커피,신용카드,7200.0,
TX100427,2025-06-12,교통,주차장,신용카드,,
TX100014,2025-01-05,식비,본죽,체크카드,19900.0,
TX100221,2025-03-24,교통,주유소(SK),신용카드,3600.0,
TX100290,2025-04-21,식비,,신용카드,24100.0,
TX100626,2025-08-24,문화/여가,넷플릭스 결제,체크카드,26300.0,
TX100890,2025-11-30,카페/간식,메가커피,신용카드,8800.0,
TX100505,2025-07-09,경조사/기타,경조사비,체크카드,50600.0,
TX100929,2025-12-13,쇼핑,쿠팡,체크카드,38000.0,
TX100826,2025-11-06,식비,편의점(GS25),체크카드,8600.0,
TX100346,2025-05-10,카페/간식,메가커피,신용카드,7300.0,
TX100965,2025-12-29,카페/간식,컴포즈커피,신용카드,6300.0,
TX100364,2025-05-17,구독서비스,넷플릭스,체크카드,10600.0,
TX100173,2025-03-08,식비,교촌치킨,체크카드,26100.0,
TX100670,2025-09-08,카페/간식,베스킨라빈스,신용카드,2300.0,
TX100147,2025-02-23,식비,쿠팡이츠,신용카드,11100.0,
TX100187,2025-03-13,카페/간식,메가커피,신용카드,9300.0,
TX100041,2025-01-14,식비,맘스터치,신용카드,14300.0,
TX100340,2025-05-08,교통,카카오T,신용카드,2600.0,
TX100488,2025-07-03,교통,주차장,체크카드,3800.0,
TX100904,2025.09.03,교통,카카오T,간편결제,5100.0,
TX100287,2025-04-19,카페/간식,파리바게뜨,체크카드,8800.0,
TX100329,2025-05-05,식비,김밥천국,신용카드,17400.0,
TX100139,2025-02-19,구독서비스,왓챠,신용카드,13200.0,
TX100056,2025-01-18,교통,서울교통공사,체크카드,1500.0,
TX100415,2025-06-08,문화/여가,CGV,체크카드,77400.0,
TX100217,2025-03-23,식비,김밥천국,신용카드,13000.0,
TX100905,2025-12-05,식비,김밥천국,신용카드,15300.0,
TX100052,2025-01-17,카페/간식,베스킨라빈스,신용카드,9300.0,
TX100659,2025-09-04,카페/간식,이디야커피,신용카드,6700.0,
TX100799,2025-10-26,식비,요기요,간편결제,4600.0,
TX100702,2025-09-21,카페/간식,파리바게뜨,체크카드,5300.0,
TX100309,2025-04-27,교통,카카오T,신용카드,2300.0,
TX100023,2025-01-07,식비,김밥천국,신용카드,25300.0,
TX100885,2025-11-28,통신,KT,간편결제,69800.0,
TX100396,2025-05-30,카페/간식,파리바게뜨,신용카드,6900.0,
TX100443,2025-06-17,쇼핑,네이버페이,간편결제,59900.0,
TX100873,2025-11-23,식비,맘스터치,신용카드,7000.0,
TX100956,2025-12-25,카페/간식,투썸플레이스,체크카드,5000.0,
TX100114,2025-02-11,쇼핑,쿠팡,체크카드,30500.0,
TX100501,2025-07-08,교통,서울교통공사,체크카드,2700.0,
TX100332,2025-05-05,주거/관리비,한국전력공사,간편결제,608200.0,
TX100887,2025-11-29,식비,동네식당,간편결제,18000.0,
TX100541,2025-07-23,식비,동네식당,체크카드,11700.0,
TX100211,2025-03-20,카페/간식,메가커피,체크카드,9800.0,
TX100766,2025-10-12,교통,SRT,신용카드,3500.0,
TX100663,2025-09-06,카페/간식,파리바게뜨,신용카드,-4800.0,
TX100143,2025-02-21,식비,쿠팡이츠,신용카드,8600.0,
TX100051,2025-01-17,식비,배달의민족,체크카드,6400.0,
TX100166,2025-03-04,식비,편의점(GS25),신용카드,17800.0,
TX100916,2025-12-08,문화/여가,넷플릭스 결제,간편결제,49000.0,
TX100564,2025-08-01,교통,주유소(SK),신용카드,4600.0,
TX100082,2025-01-28,식비,쿠팡이츠,간편결제,12300.0,
TX100906,2025-12-05,카페/간식,메가커피,신용카드,5600.0,
TX100672,2025-09-09,식비,맘스터치,체크카드,12100.0,
TX100879,2025-11-26,식비,동네식당,신용카드,8500.0,
TX100067,2025-01-23,카페/간식,컴포즈커피,신용카드,7500.0,
TX100843,2025-11-12,의료/건강,한의원,간편결제,1000.0,
TX100958,2025-12-26,카페/간식,컴포즈커피,체크카드,13500.0,
TX100967,2025-12-30,카페/간식,이디야커피,신용카드,7900.0,
TX100686,2025-09-14,카페/간식,컴포즈커피,간편결제,6700.0,
TX100398,2025-05-30,구독서비스,유튜브프리미엄,체크카드,8000.0,
TX100948,2025-12-22,교통,주차장,체크카드,4200.0,
TX100065,2025-01-22,식비,교촌치킨,체크카드,14600.0,
TX100631,2025-08-26,카페/간식,컴포즈커피,신용카드,5600.0,
TX100265,2025-04-10,카페/간식,컴포즈커피,신용카드,9800.0,
TX100900,2025-12-03,카페/간식,투썸플레이스,체크카드,3600.0,
TX100653,2025-09-03,카페/간식,베스킨라빈스,신용카드,7000.0,
TX100474,2025-06-27,문화/여가,여행사,신용카드,1000.0,
TX100021,2025-01-06,교통,SRT,신용카드,3100.0,
TX100351,2025-05-12,카페/간식,파리바게뜨,신용카드,9900.0,
TX100748,2025-10-05,쇼핑,다이소,신용카드,80900.0,
TX100680,2025-09-11,구독서비스,넷플릭스,신용카드,14000.0,
TX100397,2025-05-30,교통,카카오T,체크카드,3200.0,
TX100727,2025-09-29,식비,맘스터치,신용카드,13100.0,
TX100262,2025-04-09,식비,김밥천국,간편결제,6600.0,
TX100637,2025-08-28,교통,주유소(SK),체크카드,5800.0,
TX100465,2025-06-25,식비,편의점(GS25),신용카드,19000.0,
TX100830,2025-11-08,식비,배달의민족,체크카드,10300.0,
TX100700,2025-09-20,문화/여가,공연티켓,신용카드,41000.0,
TX100802,2025-10-27,카페/간식,파리바게뜨,신용카드,6600.0,
TX100189,2025-03-14,식비,배달의민족,체크카드,17100.0,
TX100252,2025-04-06,식비,배달의민족,신용카드,17600.0,
TX100076,2025-01-25,구독서비스,넷플릭스,신용카드,15900.0,
TX100902,2025-12-04,식비,본죽,체크카드,12500.0,
TX100348,2025-05-11,교통,서울교통공사,신용카드,3000.0,
TX100511,2025-07-12,식비,편의점(CU),체크카드,10900.0,
TX100317,2025-05-02,식비,배달의민족,신용카드,11200.0,
TX100360,2025-05-16,식비,김밥천국,신용카드,5300.0,
TX100650,2025-09-02,식비,한솥도시락,신용카드,17300.0,
TX100908,2025-12-05,경조사/기타,기부,신용카드,11600.0,
TX100512,2025-07-12,카페/간식,메가커피,체크카드,7000.0,
TX100423,2025-06-11,교통,SRT,신용카드,3500.0,
TX100543,2025-07-23,의료/건강,약국,체크카드,1000.0,
TX100665,2025-09-07,식비,배달의민족,신용카드,10500.0,
TX100717,2025-09-26,식비,교촌치킨,체크카드,8000.0,
TX100788,2025-10-22,카페/간식,스타벅스,체크카드,9400.0,
TX100419,2025-06-10,교통,서울교통공사,간편결제,4300.0,
TX100661,2025-09-05,식비,배달의민족,신용카드,19900.0,
TX100690,2025-09-16,카페/간식,이디야커피,체크카드,7400.0,
TX100565,2025-08-02,식비,김밥천국,신용카드,14800.0,
TX100776,2025-10-16,문화/여가,호텔예약,신용카드,28300.0,
TX100410,2025-06-06,식비,편의점(CU),신용카드,18100.0,
TX100219,2025-03-23,주거/관리비,도시가스,체크카드,490600.0,
TX100238,2025-04-01,식비,편의점(GS25),신용카드,10800.0,
TX100500,2025-07-08,식비,한솥도시락,신용카드,17700.0,
TX100510,2025-07-11,교통,카카오T,신용카드,3700.0,
TX100193,2025-03-15,카페/간식,스타벅스,신용카드,2600.0,
TX100450,2025-06-20,식비,본죽,신용카드,14500.0,
TX100192,2025-03-15,식비,배달의민족,신용카드,6700.0,
TX100782,2025-10-19,카페/간식,이디야커피,간편결제,,
TX100515,2025-07-14,교통,주유소(SK),간편결제,3700.0,
TX100135,2025-02-18,통신,KT,간편결제,56700.0,
TX100420,2025-06-10,쇼핑,지마켓,간편결제,137200.0,
TX100253,2025-04-06,카페/간식,컴포즈커피,신용카드,5400.0,
TX100868,2025-11-21,식비,배달의민족,신용카드,8500.0,
TX100264,2025-04-10,식비,김밥천국,신용카드,13000.0,
TX100071,2025-01-24,문화/여가,넷플릭스 결제,신용카드,29700.0,
TX100273,2025-04-14,식비,한솥도시락,체크카드,,
TX100482,2025-07-01,식비,배달의민족,신용카드,15500.0,
TX100328,2025-05-04,구독서비스,쿠팡와우,간편결제,14100.0,
TX100116,2025-02-12,카페/간식,베스킨라빈스,신용카드,8500.0,
TX100324,2025-05-04,식비,교촌치킨,간편결제,13500.0,
TX100933,2025-12-15,식비,동네식당,체크카드,11400.0,
TX100940,2025-12-19,교통,주차장,신용카드,7800.0,
TX100755,2025-10-08,교통,주차장,신용카드,2700.0,
TX100388,2025-05-25,문화/여가,여행사,간편결제,25200.0,
TX100602,2025-08-15,식비,편의점(GS25),신용카드,10800.0,
TX100756,2025-10-08,구독서비스,쿠팡와우,간편결제,14000.0,
TX100460,2025-06-23,카페/간식,스타벅스,간편결제,8100.0,
TX100681,2025-09-11,경조사/기타,기타,신용카드,44300.0,
TX100593,2025-08-10,교통,주유소(SK),간편결제,2500.0,
TX100279,2025-04-16,교통,,신용카드,5300.0,
TX100881,2025-11-27,식비,편의점(CU),신용카드,16900.0,
TX100003,2025-01-01,쇼핑,다이소,체크카드,24700.0,
TX100230,2025-03-29,카페/간식,투썸플레이스,신용카드,1000.0,
TX100400,2025-05-31,카페/간식,메가커피,체크카드,11100.0,
TX100761,2025-10-10,식비,요기요,간편결제,11300.0,
TX100835,2025-11-09,문화/여가,여행사,신용카드,40000.0,
TX100200,2025/07/15,교통,주차장,신용카드,3100.0,
TX100508,2025-07-10,쇼핑,다이소,체크카드,56600.0,
TX100493,2025-07-05,식비,편의점(GS25),간편결제,14900.0,
TX100066,2025-01-22,교통,SRT,체크카드,3900.0,
TX100813,2025-10-31,식비,편의점(GS25),신용카드,11500.0,
TX100043,2025-01-14,의료/건강,헬스장,간편결제,3800.0,
TX100725,2025-09-28,교통,주유소(SK),체크카드,3900.0,
TX100447,2025-06-18,문화/여가,여행사,체크카드,33100.0,
TX100664,2025-09-06,문화/여가,넷플릭스 결제,신용카드,56200.0,
TX100466,2025-06-25,카페/간식,컴포즈커피,간편결제,3400.0,
TX100490,2025-07-04,식비,맘스터치,체크카드,1000.0,
TX100274,2025-04-14,카페/간식,투썸플레이스,신용카드,8000.0,
TX100678,2025-09-10,의료/건강,약국,신용카드,8300.0,
TX100611,2025-08-18,식비,교촌치킨,체크카드,16300.0,
TX100456,2025-06-22,식비,교촌치킨,간편결제,8000.0,
TX100827,2025-11-06,카페/간식,컴포즈커피,신용카드,9300.0,
TX100178,2025-03-09,경조사/기타,축의금,체크카드,56000.0,
TX100302,2025-04-25,카페/간식,컴포즈커피,체크카드,3800.0,
TX100038,2025-01-12,통신,SKT,신용카드,70900.0,
TX100455,2025-06-21,교통,주차장,간편결제,3300.0,
TX100203,2025-03-18,교통,서울교통공사,체크카드,3600.0,
TX100236,2025-03-31,카페/간식,베스킨라빈스,신용카드,9000.0,
TX100150,2025-02-25,카페/간식,메가커피,체크카드,4500.0,
TX100218,2025-03-23,카페/간식,베스킨라빈스,신용카드,6500.0,
TX100654,2025-09-03,교통,카카오T,신용카드,1500.0,
TX100379,2025-05-22,통신,KT,체크카드,61400.0,
TX100532,2025-07-20,카페/간식,파리바게뜨,신용카드,6300.0,
TX100592,2025-08-10,카페/간식,투썸플레이스,신용카드,5700.0,
TX100436,2025-06-15,카페/간식,스타벅스,신용카드,7800.0,
TX100301,2025-04-25,식비,쿠팡이츠,체크카드,16400.0,
TX100831,2025-11-08,쇼핑,쿠팡,신용카드,87100.0,
TX100892,2025-11-30,통신,SKT,간편결제,65600.0,
TX100651,2025-09-02,의료/건강,한의원,간편결제,18600.0,
TX100897,2025-12-02,통신,SKT,신용카드,-64400.0,
TX100390,2025-05-28,식비,동네식당,신용카드,16500.0,
TX100888,2025-11-29,카페/간식,이디야커피,체크카드,8200.0,
TX100858,2025-11-17,카페/간식,컴포즈커피,간편결제,8900.0,
TX100353,2025-05-13,카페/간식,이디야커피,신용카드,2700.0,
TX100194,2025-03-15,교통,SRT,체크카드,5300.0,
TX100235,2025-03-31,식비,,체크카드,5900.0,
TX100409,2025-06-05,식비,김밥천국,간편결제,15800.0,
TX100810,2025-10-30,카페/간식,메가커피,간편결제,7100.0,
TX100057,2025-01-18,의료/건강,치과,간편결제,15600.0,
TX100954,2025-12-24,카페/간식,스타벅스,신용카드,4300.0,
TX100097,2025-02-04,식비,편의점(GS25),신용카드,7600.0,
TX100142,2025-02-20,경조사/기타,기타,신용카드,1000.0,
TX100844,2025-11-13,식비,편의점(GS25),체크카드,15100.0,
TX100832,2025-11-09,식비,김밥천국,간편결제,16100.0,
TX100526,2025-07-18,교통,주차장,신용카드,2700.0,
TX100553,2025-07-27,교통,주차장,신용카드,1900.0,
TX100119,2025-02-13,교통,주차장,체크카드,6200.0,
TX100880,2025-11-26,카페/간식,투썸플레이스,신용카드,12800.0,
TX100479,2025-06-29,카페/간식,이디야커피,체크카드,2400.0,
TX100063,2025-01-21,교통,SRT,신용카드,5200.0,
TX100738,2025-10-01,식비,편의점(GS25),신용카드,4000.0,
TX100808,2025-10-29,경조사/기타,기부,체크카드,55900.0,
TX100004,2025-01-01,통신,SKT,신용카드,62400.0,
TX100059,2025-01-19,카페/간식,컴포즈커피,신용카드,8000.0,
TX100224,2025-03-26,식비,맘스터치,신용카드,17300.0,
TX100597,2025-08-13,식비,교촌치킨,체크카드,15800.0,
TX100102,2025-02-05,의료/건강,약국,신용카드,10500.0,
TX100698,2025-09-20,카페/간식,베스킨라빈스,체크카드,4800.0,
TX100222,2025-03-25,카페/간식,이디야커피,신용카드,3000.0,
TX100432,2025-06-13,주거/관리비,도시가스,체크카드,512400.0,
TX100005,2025-01-02,식비,배달의민족,간편결제,,
TX100053,2025-01-17,교통,카카오T,신용카드,5400.0,
TX100016,2025-01-05,교통,주유소(SK),신용카드,5800.0,
TX100724,2025-09-28,카페/간식,투썸플레이스,체크카드,7900.0,
TX100883,2025-11-27,문화/여가,넷플릭스 결제,신용카드,7400.0,
TX100307,2025-04-27,식비,동네식당,간편결제,9100.0,
TX100644,2025-08-31,식비,본죽,신용카드,19100.0,
TX100156,2025-02-27,의료/건강,한의원,체크카드,3800.0,
TX100446,2025-06-18,카페/간식,메가커피,신용카드,11100.0,
TX100658,2025-09-04,식비,교촌치킨,체크카드,22300.0,
TX100249,2025-04-04,교통,주차장,신용카드,5600.0,
TX100250,2025-04-05,식비,교촌치킨,신용카드,17300.0,
TX100359,2025-05-15,식비,본죽,간편결제,-5600.0,
TX100733,2025-09-30,카페/간식,이디야커피,신용카드,7500.0,
TX100791,2025-10-23,교통,주차장,신용카드,5000.0,
TX100822,2025-11-03,교통,서울교통공사,신용카드,3200.0,
TX100031,2025-01-10,카페/간식,컴포즈커피,신용카드,6700.0,
TX100751,2025-10-07,교통,주유소(SK),신용카드,4000.0,
TX100935,2025-12-17,식비,김밥천국,체크카드,14200.0,
TX100120,2025-02-13,쇼핑,올리브영,신용카드,65700.0,
TX100506,2025-07-10,식비,배달의민족,간편결제,10800.0,
TX100117,2025-02-12,교통,서울교통공사,신용카드,5500.0,
TX100494,2025-07-06,식비,요기요,체크카드,13300.0,
TX100656,2025-09-03,구독서비스,쿠팡와우,신용카드,12500.0,
TX100292,2025-04-21,교통,카카오T,신용카드,6200.0,
TX100029,2025-01-09,문화/여가,롯데시네마,간편결제,22800.0,
TX100382,2025-05-23,교통,주차장,간편결제,2800.0,
TX100308,2025-04-27,카페/간식,메가커피,신용카드,5900.0,
TX100472,2025-06-27,카페/간식,이디야커피,간편결제,5100.0,
TX100877,2025-11-25,식비,요기요,체크카드,17800.0,
TX100201,2025-03-18,식비,요기요,신용카드,20600.0,
TX100554,2025-07-28,쇼핑,지마켓,신용카드,55400.0,
TX100386,2025-05-25,카페/간식,스타벅스,신용카드,5300.0,
TX100693,2025-09-18,식비,김밥천국,신용카드,13100.0,
TX100642,2025-08-30,문화/여가,롯데시네마,신용카드,12800.0,
TX100878,2025-11-25,카페/간식,,신용카드,11300.0,
TX100771,2025-10-14,카페/간식,베스킨라빈스,간편결제,8200.0,
TX100734,2025-09-30,교통,카카오T,신용카드,6000.0,
TX100315,2025-04-30,교통,SRT,간편결제,3400.0,
TX100747,2025-10-05,카페/간식,이디야커피,체크카드,1800.0,
TX100281,2025-04-17,식비,교촌치킨,체크카드,9100.0,
TX100922,2025-12-10,교통,SRT,간편결제,1400.0,
TX100736,2025-09-30,문화/여가,공연티켓,간편결제,33900.0,
TX100354,2025-05-13,통신,KT,체크카드,65200.0,
TX100625,2025-08-24,카페/간식,컴포즈커피,간편결제,3900.0,
TX100208,2025-03-19,교통,카카오T,신용카드,3400.0,
TX100377,2025-05-22,식비,교촌치킨,신용카드,8200.0,
TX100745,2025-10-04,교통,주유소(SK),체크카드,4600.0,
TX100413,2025-06-08,식비,배달의민족,체크카드,11100.0,
TX100769,2025-10-13,교통,서울교통공사,체크카드,4000.0,
TX100024,2025-01-07,카페/간식,투썸플레이스,신용카드,-7000.0,
TX100341,2025-05-08,쇼핑,무신사,간편결제,14000.0,
TX100675,2025-09-10,식비,요기요,신용카드,11700.0,
TX100619,2025-08-20,구독서비스,멜론,간편결제,16700.0,
TX100155,2025-02-27,주거/관리비,한국전력공사,신용카드,528100.0,
TX100834,2025-11-09,교통,주차장,신용카드,4600.0,
TX100707,2025-09-23,카페/간식,파리바게뜨,신용카드,7200.0,
TX100531,2025-07-20,식비,요기요,신용카드,16400.0,
TX100857,2025-11-17,식비,교촌치킨,신용카드,7500.0,
TX100323,2025-05-03,문화/여가,호텔예약,간편결제,17000.0,
TX100875,2025-11-24,식비,김밥천국,신용카드,23000.0,
TX100582,2025-08-07,식비,본죽,간편결제,12300.0,
TX100871,2025-11-22,교통,주유소(SK),체크카드,4500.0,
TX100932,2025-12-14,문화/여가,롯데시네마,신용카드,14800.0,
TX100263,2025-04-09,카페/간식,투썸플레이스,체크카드,7500.0,
TX100458,2025-06-22,교통,서울교통공사,체크카드,5700.0,
TX100085,2025-01-30,교통,주차장,신용카드,3800.0,
TX100723,2025-09-28,식비,배달의민족,간편결제,21100.0,
TX100407,2025-06-03,식비,쿠팡이츠,간편결제,21500.0,
TX100453,2025-06-21,식비,한솥도시락,신용카드,21100.0,
TX100468,2025-06-25,의료/건강,헬스장,신용카드,28300.0,
TX100937,2025-12-17,교통,SRT,간편결제,3100.0,
TX100563,2025-08-01,카페/간식,메가커피,신용카드,4400.0,
TX100039,2025-01-13,식비,동네식당,체크카드,13200.0,
TX100418,2025-06-09,문화/여가,넷플릭스 결제,신용카드,38400.0,
TX100164,2025-03-02,식비,편의점(CU),신용카드,11000.0,
TX100334,2025-05-06,카페/간식,파리바게뜨,체크카드,1000.0,
TX100011,2025-01-04,식비,본죽,체크카드,17500.0,
TX100548,2025-07-26,식비,맘스터치,체크카드,4200.0,
TX100471,2025-06-27,식비,쿠팡이츠,간편결제,20300.0,
TX100320,2025-05-03,식비,맘스터치,체크카드,22700.0,
TX100033,2025-01-11,식비,한솥도시락,신용카드,15000.0,
TX100558,2025-07-30,교통,주유소(SK),체크카드,6200.0,
TX100850,2025-11-15,식비,쿠팡이츠,체크카드,12300.0,
TX100673,2025-09-09,카페/간식,스타벅스,신용카드,5400.0,
TX100383,2025-05-24,식비,교촌치킨,체크카드,13200.0,
TX100282,2025-04-17,카페/간식,메가커피,신용카드,1000.0,
TX100811,2025-10-30,교통,SRT,간편결제,3300.0,
TX100706,2025-09-22,경조사/기타,경조사비,신용카드,41800.0,
TX100874,2025-11-23,카페/간식,스타벅스,신용카드,13300.0,
TX100660,2025-09-04,교통,카카오T,신용카드,4200.0,
TX100882,2025-11-27,카페/간식,스타벅스,체크카드,3300.0,
TX100378,2025-05-22,카페/간식,컴포즈커피,신용카드,9400.0,
TX100638,2025-08-29,식비,쿠팡이츠,신용카드,19500.0,
TX100509,2025-07-11,카페/간식,컴포즈커피,신용카드,2100.0,
TX100757,2025-10-09,식비,배달의민족,신용카드,1500.0,
TX100833,2025-11-09,카페/간식,메가커피,체크카드,8200.0,
TX100090,2025-02-02,식비,편의점(GS25),신용카드,16900.0,
TX100214,2025-03-21,교통,카카오T,체크카드,3400.0,
TX100322,2025-05-03,쇼핑,무신사,간편결제,5100.0,
TX100863,2025-11-18,문화/여가,공연티켓,간편결제,37300.0,
TX100132,2025-02-18,식비,요기요,신용카드,21600.0,
TX100347,2025-05-11,식비,한솥도시락,신용카드,12200.0,
TX100008,2025-01-03,식비,한솥도시락,신용카드,12200.0,
TX100596,2025-08-12,교통,주유소(SK),체크카드,5400.0,
TX100321,2025-05-03,교통,주유소(SK),신용카드,2900.0,
TX100760,2025-10-09,쇼핑,쿠팡,신용카드,58200.0,
TX100188,2025-03-13,교통,SRT,신용카드,4300.0,
TX100305,2025-04-26,카페/간식,베스킨라빈스,신용카드,5000.0,
TX100032,2025-01-10,교통,SRT,체크카드,4300.0,
TX100591,2025-08-10,식비,배달의민족,신용카드,16800.0,
TX100239,2025-04-01,카페/간식,투썸플레이스,간편결제,4300.0,
TX100968,2025-12-31,식비,요기요,간편결제,18400.0,
TX100175,2025-03-08,통신,SKT,신용카드,64400.0,
TX100246,2025-04-03,교통,서울교통공사,간편결제,5300.0,
TX100055,2025-01-18,식비,편의점(GS25),간편결제,2000.0,
TX100779,2025-10-18,식비,편의점(GS25),신용카드,8700.0,
TX100146,2025-02-22,문화/여가,CGV,신용카드,31500.0,
TX100091,2025-02-02,교통,카카오T,신용카드,3100.0,
TX100394,2025-05-29,쇼핑,무신사,신용카드,101100.0,
TX100311,2025-04-28,교통,주유소(SK),체크카드,2100.0,
TX100361,2025-05-16,카페/간식,컴포즈커피,신용카드,8500.0,
TX100094,2025-02-03,교통,서울교통공사,체크카드,3600.0,
TX100796,2025-10-25,카페/간식,이디야커피,체크카드,6900.0,
TX100864,2025-11-19,카페/간식,투썸플레이스,체크카드,7000.0,
TX100380,2025-05-22,의료/건강,내과의원,체크카드,22000.0,
TX100243,2025-04-02,카페/간식,베스킨라빈스,신용카드,5600.0,
TX100795,2025-10-25,식비,쿠팡이츠,신용카드,17500.0,
TX100086,2025-02-01,식비,배달의민족,신용카드,20900.0,
TX100215,2025-03-22,식비,쿠팡이츠,신용카드,20000.0,
TX100944,2025-12-21,식비,한솥도시락,신용카드,8000.0,
TX100174,2025-03-08,카페/간식,컴포즈커피,간편결제,4300.0,
TX100426,2025-06-12,카페/간식,스타벅스,신용카드,6300.0,
TX100749,2025-10-06,식비,김밥천국,신용카드,7000.0,
TX100121,2025-02-13,문화/여가,롯데시네마,간편결제,20100.0,
TX100118,2025-02-13,식비,요기요,신용카드,26000.0,
TX100615,2025-08-19,교통,주차장,체크카드,3100.0,
TX100001,2025-01-01,식비,본죽,신용카드,7300.0,
TX100395,2025-05-30,식비,동네식당,체크카드,3500.0,
TX100402,2025-06-01,식비,편의점(CU),간편결제,9500.0,
TX100405,2025-06-02,식비,한솥도시락,신용카드,21800.0,
TX100595,2025-08-12,식비,맘스터치,신용카드,90000.0,
TX100603,2025-08-15,카페/간식,스타벅스,체크카드,3900.0,
TX100163,2025-03-01,쇼핑,쿠팡,신용카드,40500.0,
TX100115,2025-02-12,식비,요기요,체크카드,1000.0,
TX100151,2025-02-26,식비,교촌치킨,간편결제,17900.0,
TX100568,2025-08-02,의료/건강,한의원,간편결제,280000.0,
TX100787,2025-10-22,식비,동네식당,체크카드,8200.0,
TX100369,2025-05-19,식비,편의점(CU),신용카드,3100.0,
TX100545,2025-07-24,교통,SRT,간편결제,3800.0,
TX100478,2025-06-29,식비,맘스터치,신용카드,19500.0,
TX100533,2025-07-20,쇼핑,이마트,간편결제,43900.0,
TX100950,2025-12-23,식비,김밥천국,체크카드,22200.0,
TX100570,2025-08-03,카페/간식,투썸플레이스,체크카드,4500.0,
TX100923,2025-12-11,식비,요기요,체크카드,12700.0,
TX100259,2025-04-08,카페/간식,스타벅스,신용카드,,
TX100861,2025-11-18,카페/간식,파리바게뜨,체크카드,5200.0,
TX100136,2025-02-19,식비,교촌치킨,체크카드,24600.0,
TX100894,2025-12-01,카페/간식,베스킨라빈스,신용카드,3300.0,
TX100614,2025-08-19,식비,교촌치킨,체크카드,15900.0,
TX100770,2025-10-14,식비,교촌치킨,체크카드,19000.0,
TX100502,2025-07-09,식비,김밥천국,체크카드,14400.0,
TX100539,2025-07-22,교통,SRT,체크카드,2500.0,
TX100633,2025-08-27,식비,요기요,간편결제,7100.0,
TX100344,2025-05-09,쇼핑,무신사,신용카드,71900.0,
TX100655,2025-09-03,쇼핑,쿠팡,신용카드,1000.0,
TX100599,2025-08-14,카페/간식,베스킨라빈스,간편결제,10200.0,
TX100294,2025-04-22,식비,편의점(GS25),신용카드,12800.0,
TX100365,2025-05-18,식비,한솥도시락,신용카드,24000.0,
TX100685,2025-09-14,식비,교촌치킨,체크카드,14700.0,
TX100017,2025-01-05,쇼핑,올리브영,간편결제,1000.0,
TX100089,2025-02-01,의료/건강,약국,간편결제,4800.0,
TX100371,2025-05-20,식비,한솥도시락,신용카드,7900.0,
TX100167,2025-03-04,교통,SRT,신용카드,4900.0,
TX100851,2025-11-15,카페/간식,투썸플레이스,신용카드,12200.0,
TX100336,2025-05-07,카페/간식,파리바게뜨,신용카드,8200.0,
TX100058,2025-01-19,식비,본죽,간편결제,14400.0,
TX100355,2025-05-13,의료/건강,한의원,신용카드,1000.0,
TX100425,2025-06-12,식비,동네식당,체크카드,11000.0,
TX100293,2025-04-21,구독서비스,쿠팡와우,신용카드,11600.0,
TX100044,2025-01-14,구독서비스,유튜브프리미엄,신용카드,14000.0,
TX100331,2025-05-05,문화/여가,CGV,체크카드,30200.0,
TX100430,2025-06-13,카페/간식,컴포즈커피,간편결제,3600.0,
TX100080,2025-01-27,식비,본죽,간편결제,25300.0,
TX100027,2025-01-09,식비,본죽,체크카드,8100.0,
TX100257,2025-04-07,문화/여가,호텔예약,체크카드,16400.0,
TX100726,2025-09-28,쇼핑,쿠팡,신용카드,7000.0,
TX100459,2025-06-23,식비,맘스터치,체크카드,25800.0,
TX100384,2025-05-24,카페/간식,메가커피,신용카드,9800.0,
TX100314,2025-04-30,식비,쿠팡이츠,신용카드,29500.0,
TX100084,2025-01-30,카페/간식,파리바게뜨,체크카드,11100.0,
TX100573,2025-08-04,식비,김밥천국,신용카드,5800.0,
TX100137,2025-02-19,카페/간식,투썸플레이스,신용카드,1000.0,
TX100112,2025-02-10,교통,카카오T,간편결제,3000.0,
TX100195,2025-03-15,쇼핑,지마켓,신용카드,83200.0,
TX100179,2025-03-10,식비,쿠팡이츠,간편결제,29100.0,
TX100855,2025-11-16,카페/간식,베스킨라빈스,신용카드,8000.0,
TX100497,2025-07-06,문화/여가,호텔예약,체크카드,1000.0,
TX100130,2025-02-17,식비,편의점(GS25),신용카드,14600.0,
TX100338,2025-05-08,식비,김밥천국,신용카드,1000.0,
TX100609,2025-08-17,카페/간식,메가커피,신용카드,3500.0,
TX100125,2025-02-14,의료/건강,약국,신용카드,15700.0,
TX100924,2025-12-12,식비,배달의민족,간편결제,11800.0,
TX100226,2025-03-27,교통,서울교통공사,신용카드,,
TX100270,2025-04-12,카페/간식,이디야커피,신용카드,9300.0,
TX100938,2025-12-18,식비,요기요,신용카드,10800.0,
TX100962,2025-12-28,식비,맘스터치,신용카드,18300.0,
TX100104,2025-02-07,식비,편의점(GS25),신용카드,135000.0,
TX100594,2025-08-10,문화/여가,공연티켓,신용카드,9000.0,
TX100823,2025-11-04,교통,카카오T,체크카드,-3500.0,
TX100716,2025-09-25,경조사/기타,기부,간편결제,68800.0,
TX100228,2025-03-28,식비,동네식당,신용카드,27500.0,
TX100853,2025-11-15,문화/여가,CGV,신용카드,22300.0,
TX100303,2025-04-25,교통,주유소(SK),신용카드,3500.0,
TX100276,2025-04-15,식비,배달의민족,체크카드,10100.0,
TX100127,2025-02-15,카페/간식,투썸플레이스,신용카드,3400.0,
TX100406,2025-06-02,카페/간식,투썸플레이스,체크카드,10500.0,
TX100859,2025-11-17,교통,주유소(SK),신용카드,1900.0,
TX100037,2025-01-12,교통,카카오T,신용카드,5500.0,
TX100140,2025-02-20,식비,교촌치킨,신용카드,3700.0,
TX100304,2025-04-26,식비,요기요,신용카드,9600.0,
TX100268,2025-04-11,의료/건강,헬스장,체크카드,16300.0,
TX100534,2025-07-21,식비,본죽,간편결제,21000.0,
TX100546,2025-07-25,카페/간식,메가커피,신용카드,8000.0,
TX100213,2025-03-21,식비,요기요,간편결제,28400.0,
TX100469,2025-06-26,식비,동네식당,체크카드,9800.0,
TX100199,2025-03-17,카페/간식,베스킨라빈스,신용카드,7500.0,
TX100528,2025-07-18,구독서비스,왓챠,신용카드,7800.0,
TX100767,2025-10-12,의료/건강,헬스장,신용카드,16700.0,
TX100244,2025-04-02,교통,SRT,신용카드,2900.0,
TX100343,2025-05-09,식비,,간편결제,16100.0,
TX100550,2025-07-26,쇼핑,쿠팡,체크카드,48300.0,
TX100387,2025-05-25,교통,카카오T,신용카드,2600.0,
TX100829,2025-11-07,경조사/기타,기부,체크카드,70900.0,
TX100207,2025-03-19,카페/간식,이디야커피,신용카드,6300.0,
TX100296,2025-04-23,식비,요기요,체크카드,13900.0,
TX100744,2025-10-04,카페/간식,베스킨라빈스,신용카드,7200.0,
TX100073,2025-01-25,카페/간식,파리바게뜨,신용카드,8100.0,
TX100838,2025-11-10,쇼핑,올리브영,신용카드,52800.0,
TX100105,2025-02-07,카페/간식,이디야커피,체크카드,1600.0,
TX100666,2025-09-07,카페/간식,파리바게뜨,간편결제,3000.0,
TX100687,2025-09-14,교통,SRT,체크카드,3300.0,
TX100928,2025-12-13,카페/간식,투썸플레이스,간편결제,6600.0,
TX100015,2025-01-05,카페/간식,스타벅스,체크카드,6400.0,
TX100440,2025-06-17,식비,본죽,간편결제,16200.0,
TX100092,2025-02-02,구독서비스,넷플릭스,체크카드,11700.0,
TX100087,2025-02-01,카페/간식,스타벅스,신용카드,5900.0,
TX100451,2025-06-20,카페/간식,메가커피,체크카드,3700.0,
TX100103,2025-02-06,카페/간식,투썸플레이스,신용카드,7700.0,
TX100241,2025-04-01,문화/여가,CGV,간편결제,38000.0,
TX100893,2025-12-01,식비,본죽,체크카드,10100.0,
TX100247,2025-04-04,식비,쿠팡이츠,체크카드,14300.0,
TX100715,2025-09-25,문화/여가,여행사,신용카드,22000.0,
TX100158,2025-02-28,교통,주차장,신용카드,5700.0,
TX100480,2025-06-30,식비,맘스터치,신용카드,10600.0,
TX100649,2025-09-01,쇼핑,무신사,신용카드,94000.0,
TX100815,2025-11-01,식비,편의점(CU),체크카드,14600.0,
TX100794,2025-10-24,카페/간식,베스킨라빈스,신용카드,6000.0,
TX100019,2025-01-06,식비,교촌치킨,간편결제,10300.0,
TX100683,2025-09-13,식비,맘스터치,간편결제,11600.0,
TX100122,2025-02-14,식비,쿠팡이츠,체크카드,11200.0,
TX100806,2025-10-29,식비,쿠팡이츠,신용카드,14900.0,
TX100684,2025-09-13,카페/간식,투썸플레이스,신용카드,6000.0,
TX100275,2025-04-14,교통,SRT,간편결제,4100.0,
TX100434,2025-06-14,카페/간식,스타벅스,신용카드,8900.0,
TX100866,2025-11-20,식비,쿠팡이츠,체크카드,24400.0,
TX100312,2025-04-29,식비,맘스터치,신용카드,16500.0,
TX100735,2025-09-30,쇼핑,쿠팡,간편결제,36400.0,
TX100803,2025-10-28,식비,쿠팡이츠,간편결제,13400.0,
TX100547,2025-07-25,문화/여가,CGV,신용카드,15800.0,
TX100181,2025-03-11,식비,교촌치킨,신용카드,23800.0,
TX100185,2025-03-12,경조사/기타,축의금,간편결제,68300.0,
TX100408,2025-06-03,교통,카카오T,간편결제,2200.0,
TX100605,2025-08-16,식비,맘스터치,체크카드,24000.0,
TX100521,2025-07-16,의료/건강,한의원,신용카드,13100.0,
TX100381,2025-05-23,카페/간식,이디야커피,간편결제,4100.0,
TX100411,2025-06-06,교통,카카오T,간편결제,2300.0,
TX100635,2025-08-27,교통,카카오T,간편결제,2700.0,
TX100370,2025-05-19,카페/간식,메가커피,체크카드,12300.0,
TX100784,2025-10-21,식비,본죽,신용카드,13800.0,
TX100805,2025-10-28,교통,주유소(SK),신용카드,6400.0,
TX100728,2025-09-29,카페/간식,메가커피,간편결제,2200.0,
TX100079,2025-01-26,구독서비스,넷플릭스,신용카드,13400.0,
TX100575,2025-08-04,의료/건강,한의원,체크카드,3600.0,
TX100638,2025-08-29,식비,쿠팡이츠,신용카드,19500.0,
TX100608,2025-08-17,식비,맘스터치,신용카드,13700.0,
TX100768,2025-10-13,식비,배달의민족,체크카드,16400.0,
TX100955,2025-12-25,식비,요기요,체크카드,15800.0,
TX100801,2025-10-27,식비,편의점(CU),신용카드,3700.0,
TX100898,2025-12-02,주거/관리비,도시가스,체크카드,554000.0,
TX100417,2025-06-09,식비,교촌치킨,간편결제,2200.0,
TX100719,2025-09-26,교통,카카오T,체크카드,5400.0,
TX100562,2025-08-01,식비,편의점(GS25),체크카드,99000.0,
TX100068,2025-01-23,교통,서울교통공사,간편결제,6000.0,
TX100537,2025-07-22,식비,김밥천국,신용카드,13100.0,
TX100078,2025-01-26,카페/간식,파리바게뜨,신용카드,11100.0,
TX100106,2025-02-07,쇼핑,이마트,신용카드,46700.0,
TX100969,2025-12-31,문화/여가,호텔예약,신용카드,23100.0,
TX100753,2025-10-08,식비,쿠팡이츠,신용카드,20700.0,
TX100639,2025-08-29,카페/간식,컴포즈커피,신용카드,6300.0,
TX100560,2025-07-31,식비,동네식당,신용카드,20500.0,
TX100737,2025-09-30,구독서비스,왓챠,간편결제,11000.0,
TX100691,2025-09-17,식비,요기요,간편결제,13600.0,
TX100837,2025-11-10,카페/간식,베스킨라빈스,신용카드,2400.0,
TX100957,2025-12-26,식비,편의점(CU),체크카드,19700.0,
TX100839,2025-11-11,식비,동네식당,신용카드,12600.0,
TX100752,2025-10-07,쇼핑,네이버페이,신용카드,1000.0,
TX100491,2025-07-04,카페/간식,,체크카드,7300.0,
TX100960,2025-12-27,카페/간식,메가커피,간편결제,4000.0,
TX100814,2025-10-31,카페/간식,베스킨라빈스,신용카드,2400.0,
TX100607,2025-08-16,교통,카카오T,체크카드,4500.0,
TX100363,2025-05-17,식비,교촌치킨,신용카드,15900.0,
TX100070,2025-01-24,카페/간식,이디야커피,간편결제,2100.0,
TX100549,2025-07-26,카페/간식,스타벅스,신용카드,1000.0,
TX100161,2025-03-01,카페/간식,스타벅스,체크카드,13400.0,
TX100012,2025-01-04,카페/간식,메가커피,신용카드,9200.0,
TX100145,2025-02-22,카페/간식,컴포즈커피,간편결제,7200.0,
TX100518,2025-07-16,식비,편의점(CU),체크카드,18900.0,
TX100428,2025-06-12,문화/여가,공연티켓,간편결제,34700.0,
TX100640,2025-08-30,식비,교촌치킨,체크카드,13500.0,
TX100177,2025-03-09,카페/간식,베스킨라빈스,체크카드,8500.0,
TX100441,2025-06-17,카페/간식,이디야커피,신용카드,7100.0,
TX100522,2025-07-17,식비,교촌치킨,신용카드,11100.0,
TX100840,2025-11-11,쇼핑,올리브영,신용카드,55000.0,
TX100909,2025-12-06,식비,맘스터치,체크카드,14700.0,
TX100689,2025-09-16,식비,본죽,간편결제,16200.0,
TX100232,2025-03-30,카페/간식,컴포즈커피,체크카드,5300.0,
TX100212,2025-03-20,교통,주차장,신용카드,1900.0,
TX100641,2025-08-30,카페/간식,파리바게뜨,신용카드,8200.0,
TX100144,2025-02-22,식비,동네식당,간편결제,19100.0,
TX100520,2025-07-16,교통,주유소(SK),신용카드,1600.0,
TX100966,2025-12-30,식비,편의점(CU),신용카드,9000.0,
TX100298,2025-04-24,카페/간식,스타벅스,신용카드,4900.0,
TX100429,2025-06-13,식비,편의점(CU),신용카드,21200.0,
TX100613,2025-08-18,쇼핑,이마트,신용카드,58200.0,
TX100953,2025-12-23,구독서비스,쿠팡와우,신용카드,5300.0,
TX100009,2025-01-03,카페/간식,파리바게뜨,신용카드,8700.0,
TX100157,2025-02-28,식비,배달의민족,신용카드,11300.0,
TX100540,2025-07-22,쇼핑,올리브영,체크카드,19300.0,
TX100507,2025-07-10,교통,서울교통공사,신용카드,5000.0,
TX100435,2025-06-15,식비,김밥천국,신용카드,18000.0,
TX100267,2025-04-11,교통,주유소(SK),간편결제,2300.0,
TX100462,2025-06-24,식비,본죽,체크카드,2700.0,
TX100577,2025-08-05,식비,배달의민족,체크카드,,
TX100339,2025-05-08,카페/간식,스타벅스,신용카드,9800.0,
TX100254,2025-04-07,식비,맘스터치,신용카드,9800.0,
TX100778,2025-10-17,카페/간식,베스킨라빈스,간편결제,1400.0,
TX100820,2025-11-03,식비,요기요,신용카드,24800.0,
TX100667,2025-09-07,교통,SRT,체크카드,4600.0,
TX100561,2025-07-31,교통,카카오T,체크카드,3700.0,
TX100209,2025-03-19,의료/건강,약국,체크카드,19700.0,
TX100288,2025-04-20,식비,쿠팡이츠,체크카드,19300.0,
TX100002,2025-01-01,카페/간식,베스킨라빈스,체크카드,75000.0,
TX100342,2025-05-08,통신,LGU+,신용카드,66300.0,
TX100269,2025-04-12,식비,요기요,신용카드,10100.0,
TX100266,2025-04-11,식비,동네식당,신용카드,17500.0,
TX100790,2025-10-22,문화/여가,호텔예약,체크카드,14300.0,
TX100793,2025-10-24,식비,교촌치킨,신용카드,10700.0,
TX100096,2025-02-03,통신,KT,신용카드,60100.0,
TX100934,2025-12-15,구독서비스,멜론,신용카드,11600.0,
TX100042,2025-01-14,교통,주차장,신용카드,1800.0,
TX100777,2025-10-17,식비,맘스터치,간편결제,8000.0,
TX100964,2025-12-29,식비,편의점(GS25),체크카드,3500.0,
TX100910,2025-12-06,카페/간식,스타벅스,신용카드,6700.0,
TX100629,2025-08-25,경조사/기타,축의금,간편결제,45000.0,
TX100046,2025-01-15,카페/간식,투썸플레이스,신용카드,1000.0,
TX100162,2025-03-01,교통,주유소(SK),간편결제,2500.0,
TX100730,2025-09-29,문화/여가,CGV,신용카드,42200.0,
TX100630,2025-08-26,식비,교촌치킨,체크카드,13100.0,
TX100289,2025-04-20,교통,주차장,체크카드,4600.0,
TX100588,2025-08-09,식비,맘스터치,간편결제,10900.0,
TX100860,2025-11-18,식비,쿠팡이츠,신용카드,25700.0,
TX100919,2025-12-09,교통,주차장,신용카드,2500.0,
TX100574,2025-08-04,교통,주차장,신용카드,2400.0,
TX100316,2025-05-01,식비,맘스터치,체크카드,1000.0,
TX100231,2025-03-30,식비,편의점(CU),간편결제,24300.0,
TX100697,2025-09-20,식비,요기요,신용카드,15300.0,
TX100797,2025-10-25,쇼핑,다이소,신용카드,60700.0,
TX100712,2025-09-24,의료/건강,내과의원,신용카드,3300.0,
TX100077,2025-01-26,식비,배달의민족,신용카드,8600.0,
TX100634,2025-08-27,카페/간식,컴포즈커피,체크카드,1400.0,
TX100939,2025-12-18,교통,주유소(SK),신용카드,3800.0,
TX100248,2025-04-04,카페/간식,스타벅스,간편결제,7000.0,
TX100477,2025-06-28,교통,서울교통공사,신용카드,5000.0,
TX100671,2025-09-08,구독서비스,멜론,신용카드,9300.0,
TX100088,2025-02-01,교통,주차장,간편결제,5600.0,
TX100470,2025-06-26,의료/건강,헬스장,신용카드,12100.0,
TX100225,2025-03-27,식비,한솥도시락,간편결제,13100.0,
TX100775,2025-10-16,식비,김밥천국,신용카드,13300.0,
TX100330,2025-05-05,카페/간식,컴포즈커피,간편결제,13300.0,
TX100234,2025-03-30,구독서비스,넷플릭스,간편결제,13000.0,
TX100589,2025-08-09,카페/간식,베스킨라빈스,체크카드,1000.0,
TX100475,2025-06-28,식비,동네식당,신용카드,26300.0,
TX100862,2025-11-18,교통,주차장,신용카드,2000.0,
TX100841,2025-11-12,식비,요기요,체크카드,18200.0,
TX100598,2025-08-14,식비,편의점(GS25),신용카드,9200.0,
TX100422,2025-06-11,카페/간식,파리바게뜨,신용카드,7600.0,
TX100688,2025-09-15,구독서비스,멜론,신용카드,13800.0,
TX100183,2025-03-12,식비,한솥도시락,간편결제,21300.0,
TX100618,2025-08-20,주거/관리비,한국전력공사,신용카드,589800.0,
TX100333,2025-05-06,식비,쿠팡이츠,신용카드,10100.0,
TX100439,2025-06-16,식비,배달의민족,신용카드,20500.0,
TX100050,2025-01-16,교통,서울교통공사,간편결제,4800.0,
TX100006,2025-01-02,카페/간식,베스킨라빈스,체크카드,8300.0,
TX100529,2025-07-19,식비,배달의민족,신용카드,21500.0,
TX100237,2025-03-31,교통,카카오T,간편결제,3300.0,
TX100487,2025-07-03,식비,맘스터치,신용카드,10400.0,
TX100876,2025-11-24,카페/간식,메가커피,신용카드,8300.0,
TX100498,2025-07-07,식비,동네식당,체크카드,1600.0,
TX100869,2025-11-21,교통,주차장,신용카드,3600.0,
TX100107,2025-02-08,식비,김밥천국,신용카드,20000.0,
TX100444,2025-06-17,통신,SKT,신용카드,64100.0,
TX100489,2025-07-03,의료/건강,헬스장,신용카드,10700.0,
TX100648,2025-09-01,교통,서울교통공사,신용카드,3700.0,
TX100013,2025-01-04,교통,서울교통공사,신용카드,4000.0,
TX100739,2025-10-01,교통,서울교통공사,체크카드,1000.0,
TX100731,2025-09-29,경조사/기타,축의금,신용카드,17500.0,
TX100191,2025-03-14,쇼핑,네이버페이,신용카드,37200.0,
TX100915,2025-12-08,식비,편의점(GS25),신용카드,15500.0,
TX100283,2025-04-17,교통,카카오T,신용카드,1200.0,
TX100030,2025-01-10,식비,편의점(GS25),간편결제,17700.0,
TX100170,2025-03-07,식비,한솥도시락,신용카드,16100.0,
TX100182,2025-03-11,카페/간식,스타벅스,신용카드,11000.0,
TX100101,2025-02-05,문화/여가,공연티켓,간편결제,18100.0,
TX100198,2025-03-17,식비,교촌치킨,간편결제,13800.0,
TX100496,2025-07-06,쇼핑,,체크카드,55000.0,
TX100721,2025-09-27,식비,배달의민족,신용카드,19400.0,
TX100646,2025-09-01,식비,쿠팡이츠,신용카드,15400.0,
TX100943,2025-12-20,쇼핑,이마트,신용카드,37000.0,
TX100903,2025-12-04,카페/간식,스타벅스,간편결제,4800.0,
TX100710,2025-09-24,카페/간식,파리바게뜨,체크카드,4100.0,
TX100374,2025-05-21,식비,본죽,간편결제,12600.0,
TX100679,2025-09-11,식비,동네식당,체크카드,24600.0,
TX100926,2025-12-12,교통,서울교통공사,체크카드,2300.0,
TX100647,2025-09-01,카페/간식,투썸플레이스,신용카드,6200.0,
TX100798,2025-10-25,문화/여가,호텔예약,신용카드,20400.0,
TX100846,2025-11-14,식비,편의점(GS25),신용카드,13600.0,
TX100461,2025-06-23,교통,서울교통공사,체크카드,2000.0,
TX100414,2025-06-08,카페/간식,베스킨라빈스,신용카드,7900.0,
TX100134,2025-02-18,쇼핑,이마트,신용카드,60500.0,
TX100040,2025-01-13,교통,주차장,신용카드,4000.0,
TX100438,2025-06-15,경조사/기타,벌금/과태료,신용카드,97500.0,
TX100216,2025-03-22,카페/간식,컴포즈커피,간편결제,5700.0,
TX100556,2025-07-29,카페/간식,메가커피,체크카드,5500.0,
TX100567,2025-08-02,교통,주차장,체크카드,3700.0,
TX100763,2025-10-11,식비,편의점(GS25),신용카드,12300.0,
TX100476,2025-06-28,카페/간식,투썸플레이스,신용카드,3100.0,
TX100457,2025-06-22,카페/간식,파리바게뜨,간편결제,8800.0,
TX100812,2025-10-30,문화/여가,여행사,신용카드,43100.0,
TX100261,2025-04-08,쇼핑,무신사,신용카드,70600.0,
TX100817,2025-11-01,쇼핑,무신사,간편결제,1000.0,
TX100036,2025-01-12,카페/간식,컴포즈커피,신용카드,4100.0,
TX100828,2025-11-07,식비,교촌치킨,신용카드,13200.0,
TX100310,2025-04-28,카페/간식,파리바게뜨,신용카드,9300.0,
TX100277,2025-04-15,주거/관리비,아파트관리비,신용카드,591400.0,
TX100636,2025-08-28,식비,김밥천국,신용카드,15100.0,
TX100652,2025-09-03,식비,배달의민족,신용카드,11400.0,
TX100623,2025-08-23,식비,한솥도시락,신용카드,14000.0,
TX100836,2025-11-10,식비,쿠팡이츠,간편결제,15600.0,
TX100845,2025-11-13,주거/관리비,아파트관리비,체크카드,526200.0,
TX100393,2025-05-29,카페/간식,메가커피,신용카드,9400.0,
TX100911,2025-12-07,식비,교촌치킨,신용카드,13600.0,
TX100108,2025-02-08,카페/간식,스타벅스,체크카드,4800.0,
TX100917,2025-12-09,식비,본죽,간편결제,1000.0,
TX100525,2025-07-18,카페/간식,메가커피,신용카드,9200.0,
TX100785,2025-10-21,카페/간식,투썸플레이스,간편결제,5300.0,
TX100048,2025-01-16,식비,맘스터치,신용카드,16600.0,
TX100204,2025-03-18,쇼핑,다이소,신용카드,1000.0,
TX100901,2025-12-03,교통,서울교통공사,신용카드,1700.0,
TX100632,2025-08-26,교통,주차장,신용카드,5900.0,
TX100022,2025-01-06,통신,LGU+,신용카드,67300.0,
TX100403,2025-06-01,카페/간식,컴포즈커피,신용카드,3700.0,
TX100083,2025-01-30,식비,요기요,신용카드,20400.0,
TX100131,2025-02-17,교통,카카오T,체크카드,4900.0,
TX100416,2025-06-08,주거/관리비,한국전력공사,간편결제,476800.0,
TX100842,2025-11-12,교통,주유소(SK),신용카드,2700.0,
TX100742,2025-10-03,카페/간식,파리바게뜨,신용카드,8000.0,
TX100699,2025-09-20,교통,카카오T,신용카드,4200.0,
TX100286,2025-04-19,식비,배달의민족,신용카드,21900.0,
TX100124,2025-02-14,교통,SRT,간편결제,5500.0,
TX100034,2025-01-11,교통,주유소(SK),신용카드,1700.0,
TX100945,2025-12-21,카페/간식,파리바게뜨,간편결제,7700.0,
TX100517,2025-07-15,카페/간식,이디야커피,체크카드,7300.0,
TX100020,2025-01-06,카페/간식,메가커피,신용카드,5600.0,
TX100899,2025-12-03,식비,요기요,간편결제,18700.0,
TX100220,2025-03-24,식비,한솥도시락,간편결제,15900.0,
TX100891,2025-11-30,문화/여가,여행사,간편결제,35800.0,
TX100719,2025-09-26,교통,카카오T,체크카드,5400.0,
TX100483,2025-07-01,카페/간식,베스킨라빈스,신용카드,14400.0,
TX100358,2025-05-14,쇼핑,이마트,간편결제,59600.0,
TX100662,2025-09-06,식비,편의점(CU),신용카드,16500.0,
TX100227,2025-03-27,쇼핑,올리브영,신용카드,53700.0,
TX100758,2025-10-09,카페/간식,컴포즈커피,체크카드,5500.0,
TX100093,2025-02-03,식비,요기요,신용카드,15100.0,
TX100152,2025-02-26,카페/간식,메가커피,체크카드,8900.0,
TX100952,2025-12-23,의료/건강,치과,신용카드,17700.0,
TX100318,2025-05-02,쇼핑,지마켓,신용카드,52000.0,
TX100449,2025-06-19,쇼핑,이마트,신용카드,1000.0,
TX100804,2025-10-28,카페/간식,이디야커피,체크카드,3800.0,
TX100746,2025-10-05,식비,한솥도시락,신용카드,6900.0,
TX100523,2025-07-17,교통,서울교통공사,간편결제,4800.0,
TX100280,2025-04-16,주거/관리비,아파트관리비,간편결제,519500.0,
TX100584,2025-08-07,구독서비스,왓챠,신용카드,15400.0,
TX100765,2025-10-12,카페/간식,베스킨라빈스,신용카드,9100.0,
TX100606,2025-08-16,카페/간식,파리바게뜨,신용카드,11100.0,
TX100350,2025-05-12,식비,맘스터치,신용카드,7800.0,
TX100375,2025-05-21,문화/여가,CGV,신용카드,35900.0,
TX100401,2025-05-31,쇼핑,네이버페이,신용카드,79300.0,
TX100705,2025-09-22,교통,서울교통공사,신용카드,3300.0,
TX100258,2025-04-08,식비,동네식당,신용카드,1000.0,
TX100852,2025-11-15,쇼핑,이마트,신용카드,61600.0,
TX100075,2025-01-25,통신,LGU+,간편결제,65300.0,
TX100197,2025-03-16,카페/간식,메가커피,체크카드,9700.0,
TX100486,2025-07-02,교통,카카오T,간편결제,3100.0,
TX100856,2025-11-16,교통,주차장,신용카드,6600.0,
TX100138,2025-02-19,문화/여가,호텔예약,신용카드,50400.0,
TX100495,2025-07-06,카페/간식,파리바게뜨,간편결제,9600.0,
TX100774,2025-10-15,카페/간식,스타벅스,신용카드,5000.0,
TX100551,2025-07-26,구독서비스,유튜브프리미엄,간편결제,5400.0,
TX100463,2025-06-24,문화/여가,호텔예약,체크카드,35200.0,
TX100202,2025-03-18,카페/간식,이디야커피,신용카드,4400.0,
TX100313,2025-04-29,교통,카카오T,간편결제,5300.0,
TX100291,2025-04-21,카페/간식,스타벅스,체크카드,6400.0,
TX100190,2025-03-14,교통,서울교통공사,신용카드,5500.0,
TX100764,2025-10-12,식비,편의점(CU),신용카드,9100.0,
TX100113,2025-02-11,식비,김밥천국,신용카드,16000.0,
TX100184,2025-03-12,쇼핑,올리브영,간편결제,71000.0,
TX100153,2025-02-27,식비,한솥도시락,신용카드,15100.0,
TX100825,2025-11-05,교통,서울교통공사,간편결제,3800.0,
TX100326,2025-05-04,쇼핑,이마트,신용카드,78000.0,
TX100704,2025-09-22,카페/간식,메가커피,신용카드,7000.0,
TX100045,2025-01-15,식비,한솥도시락,체크카드,27900.0,
TX100445,2025-06-18,식비,한솥도시락,신용카드,10200.0,
TX100789,2025-10-22,교통,SRT,신용카드,7000.0,
TX100007,2025-01-02,교통,주유소(SK),신용카드,2600.0,
TX100251,2025-04-05,카페/간식,파리바게뜨,체크카드,2900.0,
TX100824,2025-11-05,식비,편의점(GS25),신용카드,10600.0,
TX100074,2025-01-25,쇼핑,쿠팡,신용카드,98600.0,
TX100513,2025-07-13,식비,요기요,간편결제,12900.0,
TX100941,2025-12-20,식비,김밥천국,신용카드,18700.0,
TX100392,2025-05-28,쇼핑,지마켓,체크카드,83900.0,
TX100896,2025-12-02,식비,요기요,신용카드,18100.0,
TX100433,2025-06-14,식비,쿠팡이츠,신용카드,4500.0,
TX100069,2025-01-24,식비,김밥천국,간편결제,16700.0,
TX100168,2025-03-06,식비,배달의민족,신용카드,14200.0,
TX100907,2025-12-05,교통,SRT,신용카드,5100.0,
TX100729,2025-09-29,교통,서울교통공사,체크카드,1800.0,
TX100555,2025-07-29,식비,한솥도시락,신용카드,10200.0,
TX100367,2025-05-18,쇼핑,네이버페이,간편결제,32300.0,
TX100345,2025-05-10,식비,요기요,체크카드,10000.0,
TX100587,2025-08-08,구독서비스,왓챠,신용카드,14500.0,
TX100536,2025-07-21,구독서비스,유튜브프리미엄,체크카드,,
TX100399,2025-05-31,식비,편의점(GS25),간편결제,14700.0,
TX100186,2025-03-13,식비,교촌치킨,신용카드,1700.0,
TX100349,2025-05-11,의료/건강,약국,체크카드,19900.0,
TX100616,2025-08-19,통신,KT,체크카드,65700.0,
TX100921,2025-12-10,카페/간식,이디야커피,신용카드,4000.0,
TX100210,2025-03-20,식비,한솥도시락,신용카드,16700.0,
TX100580,2025-08-06,카페/간식,메가커피,신용카드,105000.0,
TX100503,2025-07-09,카페/간식,베스킨라빈스,간편결제,10000.0,
TX100538,2025-07-22,카페/간식,컴포즈커피,신용카드,2900.0,
TX100196,2025-03-16,식비,쿠팡이츠,신용카드,13300.0,
TX100176,2025-03-09,식비,교촌치킨,체크카드,6700.0,
